Locus,mean_p,crossmatch500_n50,crossmatch1000_n50,crossmatch500_n100,crossmatch1000_n100,crossmatch500_n150,crossmatch1000_n150,mds_binary,odd,Extreme odd
1,1,1,0,1,0,1,0,0,0,0
2,1,0,0,1,0,1,0,0,0,0
3,0,0,0,1,0,1,0,1,1,1
4,1,1,0,1,0,1,0,0,0,0
5,1,1,0,1,0,1,0,0,1,1
6,1,1,0,1,0,1,0,0,0,0
7,0,0,0,1,0,1,0,1,1,1
8,1,1,0,1,0,1,0,0,1,1
9,1,1,0,1,0,1,0,0,1,1
10,1,1,0,1,0,1,0,1,1,1
11,1,1,0,1,0,1,0,0,0,0
12,0,1,1,1,0,1,0,0,0,0
13,0,1,0,1,0,1,0,0,0,0
14,0,1,0,1,0,1,0,0,0,0
15,0,1,0,1,0,1,0,0,0,0
16,1,1,0,1,0,1,0,0,0,0
17,0,1,0,1,0,1,0,0,0,0
18,0,1,0,1,0,1,0,1,1,1
19,1,1,0,1,0,1,0,0,0,0
20,0,1,0,1,0,1,1,0,0,0
21,0,0,0,1,0,1,0,0,0,0
22,0,1,0,1,0,1,0,0,0,0
23,0,0,0,1,0,1,0,0,1,1
24,1,1,0,1,0,1,0,0,0,0
25,0,0,0,1,0,1,0,0,0,0
26,0,0,0,1,0,1,0,0,0,0
27,0,1,0,1,0,1,0,0,1,1
28,1,1,0,1,0,1,1,0,1,1
29,1,1,0,1,0,1,0,0,0,0
30,1,1,0,1,0,1,1,0,1,1
31,1,1,0,1,0,1,0,0,0,0
32,1,0,0,1,0,1,0,0,0,0
33,0,0,0,1,0,1,0,0,0,0
34,0,1,0,1,0,1,0,1,1,1
35,1,1,0,1,0,1,0,0,0,0
36,1,1,0,1,0,1,0,0,1,1
37,1,1,0,1,0,1,0,0,0,0
38,0,1,0,1,0,1,0,0,0,0
39,0,0,0,1,0,1,0,0,1,1
40,1,1,0,1,0,1,0,0,0,0
41,1,1,0,1,0,1,0,0,0,0
42,1,1,0,1,0,1,0,0,0,0
43,1,0,0,1,0,1,0,0,1,1
44,1,1,0,1,0,1,0,0,1,1
45,1,1,0,1,0,1,1,0,1,1
46,1,1,0,1,0,1,0,0,0,0
47,1,1,0,1,0,1,0,0,0,0
48,1,1,0,1,0,1,0,1,1,1
49,1,1,0,1,0,1,0,0,0,0
50,0,1,0,1,0,1,0,0,1,1
51,1,1,0,1,0,1,0,0,0,0
52,0,0,0,1,0,1,0,0,0,0
53,0,1,1,1,0,1,0,0,0,0
54,0,0,0,1,0,1,0,0,0,0
55,1,1,0,1,0,1,0,0,0,0
56,0,0,0,1,0,1,0,1,1,1
57,1,1,0,1,0,1,0,0,0,0
58,0,0,0,1,1,1,0,1,1,1
59,1,1,0,1,0,1,0,0,0,0
60,0,1,0,1,0,1,0,0,1,1
61,1,1,0,1,0,1,0,0,1,1
62,1,1,0,1,0,1,0,0,0,0
63,0,1,0,1,0,1,0,0,0,0
64,0,1,0,1,0,1,0,0,0,0
65,1,1,0,1,0,1,0,0,1,1
66,1,0,0,1,0,1,0,0,1,1
67,1,1,0,1,0,1,0,0,0,0
68,1,0,0,1,0,1,0,0,0,0
69,1,1,0,1,0,1,0,0,0,0
70,1,1,0,1,0,1,0,0,0,0
71,0,1,0,1,0,1,0,0,1,1
72,1,1,0,1,0,1,0,0,0,0
73,0,1,0,1,0,1,0,1,1,1
74,1,1,0,1,0,1,0,0,1,1
75,1,1,0,1,0,1,0,0,1,1
76,1,1,0,1,0,1,0,0,0,0
77,0,0,0,1,0,1,0,0,0,0
78,0,0,1,1,0,1,0,0,1,1
79,1,1,0,1,0,1,0,0,0,0
80,1,1,0,1,0,1,0,0,0,0
81,0,1,1,1,0,1,0,0,0,0
82,0,0,1,1,0,1,0,0,0,0
83,0,1,0,1,0,1,1,0,0,0
84,1,0,0,1,0,1,0,0,1,1
85,1,0,0,1,0,1,0,0,1,1
86,1,1,0,1,0,1,0,0,1,1
87,1,1,0,1,0,1,0,0,1,1
88,1,1,0,1,0,1,0,0,1,1
89,1,1,0,1,0,1,0,0,0,0
90,0,1,0,1,0,1,0,0,0,0
91,1,1,0,1,0,1,0,0,0,0
92,0,1,0,1,0,1,0,1,1,1
93,1,1,0,1,0,1,0,0,1,1
94,1,1,0,1,0,1,0,0,1,1
95,1,1,0,1,0,1,0,1,1,1
96,1,1,1,1,0,1,0,0,0,0
97,0,0,0,1,0,1,1,0,0,0
98,0,1,0,1,0,1,0,0,1,1
99,1,1,0,1,0,1,0,0,0,0
100,1,1,0,1,0,1,0,0,0,0
101,0,1,0,1,0,1,0,0,0,0
102,0,0,0,1,0,1,0,0,0,0
103,0,0,0,1,0,1,0,0,0,0
104,0,1,0,1,0,1,0,0,0,0
105,0,1,0,1,0,1,0,0,0,0
106,0,1,0,1,0,1,0,0,0,0
107,0,1,0,1,0,1,0,0,0,0
108,0,1,0,1,0,1,0,0,0,0
109,0,1,0,1,0,1,0,0,0,0
110,0,1,0,1,0,1,0,0,0,0
111,0,1,0,1,0,1,0,0,0,0
112,0,0,0,1,0,1,0,0,0,0
113,0,1,0,1,0,1,0,0,0,0
114,0,0,0,1,0,1,0,0,0,0
115,0,0,0,1,0,1,0,0,0,0
116,0,1,0,1,0,1,0,0,0,0
117,0,1,1,1,0,1,0,0,0,0
118,1,1,0,1,0,1,0,1,1,1
119,1,1,0,1,0,1,0,0,0,0
120,0,0,0,1,0,1,0,0,0,0
121,0,1,0,1,0,1,0,0,0,0
122,0,0,0,1,1,1,0,0,0,0
123,0,1,0,1,0,1,0,0,0,0
124,0,1,0,1,0,1,0,0,1,1
125,1,1,0,1,0,1,0,0,0,0
126,1,1,0,1,0,1,0,0,1,1
127,1,1,0,1,0,1,0,0,1,1
128,1,0,0,1,0,1,0,1,1,1
129,1,1,0,1,0,1,0,0,0,0
130,1,1,0,1,0,1,0,1,1,1
131,1,1,0,1,0,1,0,0,0,0
132,0,1,0,1,0,1,0,0,0,0
133,1,1,0,1,0,1,0,0,0,0
134,0,1,0,1,1,1,0,0,1,1
135,1,1,0,1,0,1,0,1,1,1
136,1,1,0,1,0,1,0,0,0,0
137,0,1,0,1,0,1,0,0,0,0
138,0,1,0,1,0,1,0,0,1,1
139,1,1,1,1,0,1,0,0,0,0
140,0,1,0,1,0,1,0,0,0,0
141,0,1,0,1,0,1,0,0,0,0
142,0,0,0,1,0,1,0,0,0,0
143,0,1,0,1,0,1,0,1,1,1
144,1,1,0,1,1,1,0,0,1,1
145,1,1,0,1,0,1,0,0,0,0
146,0,0,0,1,0,1,0,0,0,0
147,0,1,0,1,0,1,0,0,0,0
148,1,1,0,1,0,1,0,0,0,0
149,0,1,0,1,0,1,1,0,1,1
150,1,0,0,1,0,1,0,0,0,0
151,1,1,0,1,0,1,0,0,0,0
152,0,1,0,1,0,1,0,0,0,0
153,0,0,1,1,1,1,0,0,1,1
154,1,1,0,1,0,1,0,0,0,0
155,0,1,0,1,0,1,0,0,0,0
156,0,1,0,1,0,1,0,1,1,1
157,1,1,0,1,0,1,0,0,1,1
158,1,1,0,1,0,1,0,0,0,0
159,0,1,0,1,0,1,0,0,1,1
160,1,1,0,1,0,1,0,1,1,1
161,1,1,0,1,0,1,0,0,0,0
162,1,1,0,1,0,1,0,0,0,0
163,0,1,0,1,0,1,0,0,0,0
164,0,0,0,1,0,1,0,1,1,1
165,1,1,0,1,0,1,0,1,1,1
166,1,1,0,1,0,1,0,0,1,1
167,1,1,0,1,0,1,0,0,0,0
168,0,1,0,1,0,1,0,1,1,1
169,1,1,0,1,0,1,0,0,0,0
170,0,1,0,1,0,1,0,0,1,1
171,1,1,1,1,0,1,0,0,1,1
172,0,1,0,1,0,1,0,0,1,1
173,1,1,0,1,0,1,0,0,0,0
174,1,1,0,1,0,1,0,0,0,0
175,1,1,0,1,0,1,0,0,0,0
176,0,0,0,1,0,1,0,0,1,1
177,1,1,0,1,0,1,0,0,0,0
178,0,0,0,1,0,1,0,0,1,1
179,1,1,0,1,0,1,0,0,0,0
180,1,1,0,1,0,1,0,0,0,0
181,0,1,0,1,0,1,0,0,0,0
182,1,1,0,1,0,1,0,0,0,0
183,0,1,0,1,0,1,0,0,1,1
184,1,1,0,1,0,1,0,0,1,1
185,1,0,0,1,0,1,0,0,0,0
186,0,1,0,1,0,1,0,0,0,0
187,1,1,0,1,0,1,0,0,0,0
188,0,1,0,1,0,1,0,0,0,0
189,0,0,0,1,0,1,0,0,0,0
190,0,1,0,1,0,1,0,0,1,1
191,1,1,0,1,0,1,0,0,0,0
192,1,1,0,1,0,1,0,0,0,0
193,0,1,0,1,0,1,0,0,1,1
194,1,1,0,1,0,1,0,0,1,1
195,1,1,1,1,1,1,0,0,1,1
196,1,1,0,1,0,1,0,0,1,1
197,1,1,0,1,1,1,0,0,0,0
198,0,1,0,1,0,1,0,0,0,0
199,1,1,0,1,0,1,0,0,1,1
200,1,1,0,1,0,1,0,0,0,0
201,0,1,0,1,0,1,0,0,0,0
202,0,1,0,1,0,1,0,1,1,1
203,1,1,0,1,0,1,0,0,0,0
204,0,0,1,1,0,1,0,0,1,1
205,1,1,0,1,0,1,0,0,0,0
206,1,0,0,1,0,1,0,0,0,0
207,0,1,0,1,0,1,0,0,1,1
208,1,1,0,1,0,1,0,0,0,0
209,0,0,0,1,0,1,0,0,0,0
210,0,0,0,1,0,1,0,0,1,1
211,1,1,0,1,0,1,0,0,0,0
212,1,1,0,1,0,1,0,0,1,1
213,1,1,0,1,0,1,0,0,0,0
214,0,0,0,1,0,1,0,0,0,0
215,0,1,0,1,0,1,0,0,0,0
216,0,1,0,1,0,1,0,0,0,0
217,1,1,0,1,0,1,0,0,0,0
218,0,1,0,1,0,1,0,0,1,1
219,1,1,0,1,0,1,0,0,1,1
220,1,1,0,1,0,1,0,0,0,0
221,0,1,0,1,0,1,0,0,0,0
222,0,1,0,1,0,1,0,0,1,1
223,1,1,0,1,0,1,0,0,0,0
224,0,0,0,1,0,1,0,0,1,1
225,1,1,0,1,0,1,0,0,1,1
226,1,1,0,1,0,1,0,0,0,0
227,1,0,0,1,0,1,0,0,0,0
228,0,0,0,1,0,1,0,0,1,1
229,1,1,0,1,0,1,0,0,0,0
230,1,1,0,1,0,1,0,0,0,0
231,0,0,0,1,0,1,0,0,0,0
232,1,0,0,1,0,1,1,0,0,0
233,0,0,0,1,0,1,0,0,1,1
234,1,0,0,1,0,1,0,0,0,0
235,0,1,0,1,0,1,0,0,1,1
236,1,1,0,1,0,1,0,0,0,0
237,1,1,0,1,0,1,0,0,0,0
238,0,1,0,1,0,1,0,0,1,1
239,1,1,0,1,0,1,0,0,0,0
240,0,1,0,1,0,1,0,0,1,1
241,1,1,0,1,0,1,0,1,1,1
242,1,1,0,1,0,1,0,0,0,0
243,0,1,0,1,0,1,0,0,1,1
244,1,1,0,1,0,1,0,0,0,0
245,0,1,0,1,0,1,0,0,0,0
246,0,0,0,1,0,1,0,1,0,0
247,0,1,0,1,0,1,0,0,0,0
248,0,1,0,1,0,1,0,0,1,1
249,1,1,0,1,0,1,0,0,1,1
250,1,1,0,1,0,1,0,0,1,1
251,1,1,0,1,0,1,0,0,1,1
252,0,1,0,1,0,1,0,0,0,0
253,0,1,0,1,0,1,0,0,1,1
254,1,1,0,1,0,1,0,0,1,1
255,1,1,0,1,0,1,0,0,0,0
256,0,0,0,1,0,1,0,0,1,1
257,1,1,1,1,0,1,0,0,0,0
258,0,1,0,1,0,1,0,0,0,0
259,0,1,0,1,0,1,0,0,0,0
260,0,1,0,1,0,1,0,1,1,1
261,1,1,0,1,0,1,0,0,0,0
262,0,1,0,1,0,1,0,0,1,1
263,1,1,0,1,0,1,0,0,0,0
264,0,1,0,1,1,1,0,0,0,0
265,1,1,0,1,0,1,0,1,1,1
266,1,1,0,1,0,1,0,1,1,1
267,1,1,0,1,0,1,0,0,1,1
268,1,1,0,1,0,1,0,0,0,0
269,0,1,0,1,0,1,0,0,1,1
270,1,1,0,1,0,1,0,0,0,0
271,0,1,0,1,0,1,0,0,0,0
272,0,1,0,1,0,1,0,0,1,1
273,1,1,0,1,0,1,0,0,1,1
274,1,0,0,1,1,1,0,0,0,0
275,0,1,0,1,0,1,0,1,0,0
276,0,1,0,1,0,1,0,0,1,1
277,1,1,0,1,0,1,0,1,1,1
278,1,1,0,1,0,1,0,0,1,1
279,1,1,0,1,0,1,0,0,1,1
280,1,1,0,1,0,1,0,0,0,0
281,0,0,0,1,0,1,0,0,0,0
282,0,0,0,1,0,1,0,1,1,1
283,1,1,0,1,0,1,0,0,0,0
284,1,1,0,1,0,1,0,0,1,1
285,1,1,0,1,0,1,0,0,0,0
286,1,1,1,1,0,1,0,0,0,0
287,1,1,0,1,0,1,0,0,0,0
288,0,1,0,1,0,1,0,0,0,0
289,1,0,0,1,0,1,0,0,1,1
290,1,1,0,1,0,1,0,0,1,1
291,1,1,0,1,0,1,0,0,0,0
292,1,1,0,1,0,1,0,0,0,0
293,1,1,0,1,0,1,0,0,1,1
294,1,1,0,1,0,1,0,0,1,1
295,1,0,0,1,0,1,0,0,0,0
296,0,1,0,1,0,1,0,0,0,0
297,1,0,0,1,0,1,0,1,1,1
298,1,1,0,1,0,1,0,0,1,1
299,1,1,0,1,0,1,0,0,0,0
300,1,1,0,1,0,1,0,1,1,1
301,1,1,0,1,0,1,0,0,1,1
302,1,1,0,1,0,1,0,0,0,0
303,0,0,0,1,0,1,0,0,0,0
304,0,1,0,1,0,1,0,,,
